uuid:ca453b98-3965-9627-29b1-ad85b9cf,David,Product 7,14:47:08,2024-03-01,116.18
uuid:6d4efd8c-7999-9757-03d4-d80e0dcf,Leo,Product 7,15:49:12,2024-03-01,95.32
uuid:c8120665-71b5-0389-700000000000000000000000000000000000000000000000000000000000000000000000000000000-e02e7051,Emma,Product 10,15:50:06,2024-03-01,393.3
uuid:33c5546f-9835-3201-905c-8e037dd4,Seth,Product 8,15:50:35,2024-03-01,132.39
uuid:fbc4a674-3aa7-70ba-576c-ab805ce5,David,Product 4,15:51:09,2024-03-01,218.42
uuid:57d5b374-2444-535e-132d-8c382f23,Bob,Product 9,15:51:24,2024-03-01,401.54
uuid:05c2e8b3-4c17-69fa-9587-85ae58ca,David,Product 8,15:51:34,2024-03-01,165.41
uuid:245c675e-549b-8022-1ff9-1573693b,Alice,Product 4,15:51:45,2024-03-01,237.67
uuid:4d9b4a5d-20d6-2197-43b0-27f5febd,John,Product 4,15:51:49,2024-03-01,330.64
uuid:8088feac-36ef-22c8-5100000000-55a8b78d,John,Product 6,15:52:10,2024-03-01,119.53
uuid:d90c9e53-88ce-61fd-64c7-fd9e1ffd,Seth,Product 8,15:52:45,2024-03-01,359.37
uuid:632373d7-13f8-6bf1-645a-a80832ea,Emma,Product 2,15:53:28,2024-03-01,281.96
uuid:7e05028e-9e9e-6964-9f67-e2858631,Emma,Product 2,15:53:33,2024-03-01,166.87
uuid:7f0bdd79-38a5-5069-2327-adb6042b,Seth,Product 9,15:53:52,2024-03-01,313.43
uuid:7f8d1e55-5da3-8df0-7f60-3bdc70b2,Emma,Product 7,15:54:15,2024-03-01,426.75
uuid:566334cc-0851-55ec-680f-d2293b01,Bob,Product 7,15:54:46,2024-03-01,412.94
uuid:1fe4d8f3-4716-200000000000000000000000000000000000000000000000000000000-60d5-df2b85ab,David,Product 5,15:55:18,2024-03-01,228.56
uuid:1a3e0bf8-2ce9-1138-6d78-279c4794,David,Product 3,15:56:09,2024-03-01,449.05
uuid:86baff34-52c4-3f17-783b-d9272960,Bob,Product 2,15:56:31,2024-03-01,87.07
uuid:e4283f1c-072c-44eb-80000-27d7aac5,Alice,Product 5,15:56:59,2024-03-01,432.82
uuid:67a18bc5-4c63-496e-0f6a-4d3e6fab,John,Product 2,15:57:15,2024-03-01,101.12
uuid:5d5b000f-20ae-1ea3-5d7f-8431b5f4,Bob,Product 8,15:57:26,2024-03-01,344.43
uuid:acec85b1-13ca-876c-7da0-e2991a62,Seth,Product 3,15:57:57,2024-03-01,398.46
uuid:9194c458-2f03-a0d1-4f5f-4724673b,Emma,Product 1,15:58:35,2024-03-01,233.35
uuid:9449a684-3149-1785-072e-81905d40,Bob,Product 6,15:58:43,2024-03-01,392.32
uuid:d144f3cc-a300-9000-8168-aa94be22,Alice,Product 5,15:58:56,2024-03-01,199.92
uuid:ded3441d-68d1-6809-0261-37da54b8,Leo,Product 5,15:59:39,2024-03-01,209.32
uuid:5473654d-2878-28f0-7e3a-14151415,Emma,Product 5,15:59:47,2024-03-01,486.66
uuid:24692633-0070-3119-8667-97e0671c,Leo,Product 5,16:00:04,2024-03-01,88.61
uuid:05b5ffa4-3203-0be8-1ab9-1c4e555b,Leo,Product 4,16:00:26,2024-03-01,340.75
uuid:e3f647da-45a2-70dc-9de2-ab4d07c5,John,Product 7,16:01:03,2024-03-01,307.21
uuid:0ee51435-0731-087d-2ed4-ac9226a0,David,Product 4,16:01:30,2024-03-01,305.22
uuid:663ab00c-3f01-5464-7aa7-e805884c,Bob,Product 7,16:01:42,2024-03-01,61.5
uuid:98514419-2a4e-97ea-33b4-75a25151,Leo,Product 1,16:02:34,2024-03-01,365.22
uuid:00f4d8cd-34ae-9581-923a-83c0f1ad,John,Product 9,16:03:33,2024-03-01,358.58
uuid:a344076e-8da7-072d-8241-01380777,David,Product 8,16:03:35,2024-03-01,402.54
uuid:3b1e5982-573c-1400-987f-fb7d17ad,Leo,Product 4,16:04:01,2024-03-01,320.33
uuid:11ce2674-4ac6-3a6b-21c8-ad07d289,Leo,Product 6,16:04:59,2024-03-01,234.97
uuid:f29bc6f1-9473-819c-39ed-d3775b1a,Seth,Product 1,16:05:26,2024-03-01,58.56
uuid:2c95bc6c-30f7-80cf-700c-1625451c,Bob,Product 10,16:06:05,2024-03-01,75.64
uuid:167ffd47-3097-785f-1259-1846ccdf,John,Product 9,16:06:21,2024-03-01,352.94
uuid:43b79827-9ec7-6758-a607-0f03beb2,Seth,Product 1,16:06:41,2024-03-01,434.74
uuid:29174964-6312-10000-675e-5481a88f,Alice,Product 1,16:07:03,2024-03-01,251.98
uuid:2e260963-8316-773f-2b25-ad1fd788,Emma,Product 1,16:07:09,2024-03-01,98.82
uuid:589722b5-1c11-3963-2051-c63857ec,John,Product 1,16:07:34,2024-03-01,57.04
uuid:4b7974f9-a42d-8d75-3a51-65df4b50,John,Product 10,16:08:25,2024-03-01,487.14
uuid:16cb6c9e-0a41-9c64-912f-1ec476bf,David,Product 7,16:08:38,2024-03-01,100.02
uuid:7b254027-56ae-10000000000000000000000000000000000000000000000000000000000000000000000000000000000000000000-8191-80ab7139,Emma,Product 8,16:09:07,2024-03-01,344.09
uuid:25aa72eb-6024-2ffa-6459-ec328672,John,Product 1,21:02:42,2024-03-02,405.91
uuid:01b5e998-2179-7f52-709d-56f498f6,Seth,Product 10,21:03:32,2024-03-02,485.55
uuid:ba9d11b6-4158-4fcf-1035-982949fc,Seth,Product 9,21:03:35,2024-03-02,293.53
uuid:2d6360de-a041-55ba-9359-45eae1fd,Bob,Product 2,21:04:14,2024-03-02,275.31
uuid:c2c0c1ef-7b5e-0f97-3f1e-42e1faf2,Seth,Product 1,21:04:28,2024-03-02,398.45
uuid:671cf1d6-0638-71f4-5b13-c18b5c3f,Leo,Product 7,21:05:12,2024-03-02,182.63
uuid:49b57b7a-2159-a047-93d7-73c8cd09,Leo,Product 6,21:05:32,2024-03-02,397.18
uuid:40825c23-2945-9235-560c-61668a62,Bob,Product 9,21:06:13,2024-03-02,254.5
uuid:50e9a1d9-040c-7f6c-0c98-e2f573a8,Seth,Product 7,21:06:41,2024-03-02,144.38
uuid:923fe0a5-1c11-496d-4f3d-d57f9963,Emma,Product 5,21:06:52,2024-03-02,273.28
uuid:010a6e53-2249-9b3d-a0a6-71179000000000000000000000000000000000000000000000000000000000000000000000000000000000000000000000000000,Alice,Product 5,21:06:59,2024-03-02,158.26
uuid:4d396598-73000-0d53-095f-9911ddfa,Seth,Product 1,21:07:29,2024-03-02,230.81
uuid:78878c59-36f2-89a1-8cb0-a4f3a030,John,Product 3,21:08:02,2024-03-02,155.28
uuid:bc1afaf1-77b9-8d28-97ed-aa2c6f30,Emma,Product 8,21:08:05,2024-03-02,400.65
uuid:b334ddd2-14eb-830000-1e8f-d05fb100,Seth,Product 4,21:08:27,2024-03-02,192.82
uuid:6e835769-0000-9002-982c-1429f41e,Bob,Product 9,21:09:07,2024-03-02,248.42
uuid:36459705-1787-125b-2cff-e11a8844,Leo,Product 4,21:09:57,2024-03-02,359.4
uuid:4b4f2311-1a08-8fbf-9479-5854f033,Bob,Product 9,21:10:46,2024-03-02,112.94
uuid:9b602bc5-0000-49de-5067-1e1037c4,Leo,Product 4,21:11:19,2024-03-02,97.55
uuid:90d2226b-0687-42bf-560000-a7c72cf6,Seth,Product 1,21:11:41,2024-03-02,263.65
uuid:83a2bb51-8221-550e-a010-ddf28311,Leo,Product 3,21:12:11,2024-03-02,413.35
uuid:28459300-2937-00ac-5b20-fc050d42,Alice,Product 9,21:12:21,2024-03-02,479.32
uuid:5a5bf640-1300000-141a-2885-0aae2600,Leo,Product 7,21:12:59,2024-03-02,170.76
uuid:49a1534c-a75b-5496-85c5-c53be246,Emma,Product 2,21:13:47,2024-03-02,227.88
uuid:053cac21-55dc-97d2-0ed6-e47ebc43,Seth,Product 4,21:13:59,2024-03-02,71.66
uuid:36b7a5f6-4dde-3dfb-88ea-8da4924b,Leo,Product 8,21:14:13,2024-03-02,155.06
uuid:c71a7738-9a7a-4684-102b-816f3e40,Emma,Product 7,21:14:31,2024-03-02,477.68
uuid:dc01a3ac-8110-200000000000000000000000000000000000000000000000000000000000-6395-5d9a2b06,John,Product 6,21:15:05,2024-03-02,476.88
uuid:41443c50-5a61-9fc2-289e-81354b98,Leo,Product 7,21:15:15,2024-03-02,285.5
uuid:8b54b3f8-6c19-2713-3000000000000000000000000000000000000000000000000000000000000000-33b62de7,David,Product 1,21:15:54,2024-03-02,177.51
uuid:6825706e-9291-50dc-0bcf-13c9afb5,David,Product 7,21:15:55,2024-03-02,80.24
uuid:3cf79c08-8214-052a-6c28-b3faacec,John,Product 6,21:16:05,2024-03-02,415.53
uuid:20c55678-2fdb-9335-21f0-f128db38,Leo,Product 3,21:16:07,2024-03-02,87.95
uuid:d67ffbaf-4da0-5c2f-80db-88fc8cfa,Emma,Product 8,21:16:44,2024-03-02,434.07
uuid:ffd3ad40-1846-0c25-a0e0-1c82441d,Seth,Product 2,21:17:42,2024-03-02,295.55
uuid:c0c747ce-162b-1885-a4e0-665e7e8e,David,Product 4,21:17:42,2024-03-02,454.76
uuid:a6ac811e-0c01-8ab5-7000-1b0dddf6,Leo,Product 5,21:17:44,2024-03-02,351.23
uuid:87609d6e-4376-4733-2dc8-54ff8593,Seth,Product 5,21:18:08,2024-03-02,202.6
uuid:91490f14-8c93-07a1-1743-b10320d4,David,Product 3,21:18:20,2024-03-02,281.55
uuid:9886f70b-9b7c-6443-2ed7-eb461c51,Emma,Product 7,21:19:13,2024-03-02,202.58
uuid:d7b3f79c-09f9-7632-4267-bc05555a,John,Product 8,21:19:25,2024-03-02,124.35
uuid:5cbda53b-6dcc-2e5c-6754-5f2b515c,Bob,Product 10,21:20:02,2024-03-02,209.64
uuid:a88b2beb-3ac6-2e5a-18d1-940512c8,Emma,Product 8,21:20:44,2024-03-02,141.13
uuid:6d9310b9-795a-2411-0439-6057683c,Emma,Product 5,21:21:12,2024-03-02,114.63
uuid:c6a24f5b-1966-4c84-3b1c-a05729fa,Bob,Product 1,21:21:16,2024-03-02,108.77
uuid:73602577-1d64-630000-1c0b-5703d80a,Alice,Product 1,21:21:26,2024-03-02,255.17
uuid:7c347deb-0051-7648-1119-e0d56e2c,Alice,Product 2,21:21:28,2024-03-02,159.17
uuid:36bcf4ee-45d5-1242-7ea3-ccacbcd6,Bob,Product 3,21:21:35,2024-03-02,438.15
uuid:9884ae2c-8acb-0fec-58fb-d8860f74,David,Product 10,21:22:15,2024-03-02,276.2
uuid:63f561e8-7fab-0be2-7365-46260925,John,Product 9,21:22:44,2024-03-02,440.89
uuid:b390209a-484f-5000-4400000-12c27c59,Alice,Product 2,21:23:23,2024-03-02,342.49
uuid:d94ef086-057b-2f75-7bee-e7a711f2,Alice,Product 2,21:23:43,2024-03-02,437.83
uuid:1cce915b-9724-5aa6-9201-db66fca7,David,Product 7,11:10:17,2024-03-04,414.02
uuid:acab0889-6207-40fd-8d0f-a3114710,Seth,Product 2,11:11:02,2024-03-04,366.05
uuid:3828207b-3826-1dea-3613-60787b0a,Seth,Product 7,11:11:29,2024-03-04,292.7
uuid:463f3f47-a3ed-1dc0-759c-0b5d2bd8,Leo,Product 4,11:11:45,2024-03-04,322.47
uuid:45892408-8ab8-5519-17aa-6e2631c3,Alice,Product 8,11:11:54,2024-03-04,408.13
uuid:74ff7f13-0efc-1c99-11c2-e5f2e251,Seth,Product 8,11:12:00,2024-03-04,121.54
uuid:7e105918-22c8-0df1-585f-1f592afb,Bob,Product 6,11:12:35,2024-03-04,323
uuid:8a2c1df5-5564-8196-187c-3801e0f4,Seth,Product 10,11:12:56,2024-03-04,471.09
uuid:63fc25b2-532a-2cc9-25a1-fb63ceac,Bob,Product 5,11:13:56,2024-03-04,388.88
uuid:b48039be-58b4-42a0-6525-72eda2c0,Bob,Product 2,11:14:29,2024-03-04,325.85
uuid:1a77e32d-776c-19d0-46c1-0717eceb,Emma,Product 5,11:14:40,2024-03-04,153.75
uuid:b4faebee-9f53-9a69-8917-f3db69b6,Leo,Product 10,11:15:32,2024-03-04,395.21
uuid:8e7a6004-45a7-0e0c-a42a-bad1f997,Emma,Product 7,11:16:06,2024-03-04,485.92
uuid:e77028a5-7615-0dc2-63a7-c79762ac,Emma,Product 3,11:16:55,2024-03-04,408.65
uuid:544b1392-7649-8049-7072-ba247155,Alice,Product 6,11:17:01,2024-03-04,221.9
uuid:94345fd7-2565-817d-6ea6-61a5c486,Seth,Product 7,11:18:01,2024-03-04,84.69
uuid:fc3baed5-8569-57000000-0165-aafe957d,Alice,Product 8,11:18:43,2024-03-04,397.44
uuid:c6903119-600000000000000000000000000000000000000000000000000000000000000000000000000-2154-1223-1ba6b905,Leo,Product 10,11:19:28,2024-03-04,189.95
uuid:96f009e9-6d02-7ea1-3ba2-ebadf75b,David,Product 9,11:19:46,2024-03-04,358.11
uuid:f977c8d5-8f00-561d-439a-1d7a2866,Alice,Product 10,11:19:54,2024-03-04,174.78
uuid:746e951e-36fd-69fb-0781-e7328827,Emma,Product 2,11:19:57,2024-03-04,447.7
uuid:e983b8ae-1cd0-64bb-2356-0f0ab535,Emma,Product 10,11:20:42,2024-03-04,154.43
uuid:5367ce47-55ba-a17f-3fb6-d8491a34,David,Product 3,11:21:03,2024-03-04,399.33
uuid:ac9f60fa-4d3c-1802-5b5e-4e958600,Seth,Product 4,11:21:32,2024-03-04,288.09
uuid:25eb640e-406d-1c7b-1ec5-5390919a,Alice,Product 4,11:22:01,2024-03-04,277.7
uuid:d58b3e4d-969d-1c3f-9b55-91e6a6c9,Seth,Product 6,11:22:26,2024-03-04,65.15
uuid:e85e016c-4044-8c96-7cf2-8a822fdf,Seth,Product 3,11:23:11,2024-03-04,187.71
uuid:376faf95-17ec-7190-0be4-e2981c7d,David,Product 5,11:23:44,2024-03-04,487.81
uuid:5d32f22b-9d37-7b2d-9b1a-f1ddb243,Leo,Product 6,11:24:42,2024-03-04,72.98
uuid:bc8f0700-975d-5926-7785-ed2bfb87,John,Product 5,11:25:28,2024-03-04,367.15
uuid:9df11869-942d-388c-0014-90e63840,Bob,Product 6,11:25:31,2024-03-04,453.51
uuid:6eebfd22-8aea-a6f7-7a4a-1518195a,John,Product 7,11:26:15,2024-03-04,402.31
uuid:96a2e082-8012-5f4b-87db-719d2164,David,Product 9,11:26:35,2024-03-04,489.9
uuid:1ab3d696-1c0c-5018-736f-b4cc26b6,David,Product 3,11:26:39,2024-03-04,184.85
uuid:9e3d2e62-315a-96b9-4c9c-5f4c5b5f,Alice,Product 4,11:27:01,2024-03-04,258.1
uuid:fca9d3c1-92cb-57f1-05a4-3ca14ccc,Bob,Product 10,11:27:37,2024-03-04,325
uuid:5b097287-3ea7-3617-4d73-b669d2ba,John,Product 5,11:27:55,2024-03-04,344.67
uuid:72f3baf8-3a5b-65ce-54fd-76bc9da2,Bob,Product 8,11:28:31,2024-03-04,205.98
uuid:17f3607e-5ab6-860f-774e-9169f75d,Bob,Product 3,11:28:49,2024-03-04,358.42
uuid:30bd9338-75f5-0c42-506d-547bec1e,Alice,Product 8,11:29:09,2024-03-04,300.79
uuid:2d02f3b0-7214-8d64-a6af-1fb78e74,David,Product 9,11:29:28,2024-03-04,128
uuid:a574e5b3-74a1-9108-969c-2c46e14d,Alice,Product 7,11:29:41,2024-03-04,481.6
uuid:6487bd81-3999-6457-7039-a8fb3f93,John,Product 3,11:29:47,2024-03-04,72.54
uuid:131a12f6-23c6-4a3a-66b5-e0d462f8,Leo,Product 6,11:30:22,2024-03-04,198.93
uuid:8dcaadfa-684e-3000000-0de0-55659684,Leo,Product 8,11:30:56,2024-03-04,374.71
uuid:bc989836-62d9-3781-42000000000-cd5e9996,John,Product 3,11:31:53,2024-03-04,322.35
uuid:1fbfc57a-33c8-734d-53c2-ae0a6a9b,Bob,Product 10,11:32:25,2024-03-04,356.34
uuid:017d53f3-1264-90fc-77fc-991e36a2,Seth,Product 8,11:32:28,2024-03-04,132.11
uuid:c86970fa-8b6f-5e6e-4f8f-3cccdeb8,David,Product 8,11:33:06,2024-03-04,259.08
uuid:97fc1d32-5f10-08c0-7a82-e7f7beb8,David,Product 6,11:34:06,2024-03-04,106.44
uuid:9aab74c5-2fe8-1fb3-9882-4c1f718a,Seth,Product 6,11:35:00,2024-03-04,175.69
uuid:2544449d-009e-9d09-9013-bacbf94d,Alice,Product 9,11:35:23,2024-03-04,184.47
uuid:c26ba7ec-a085-a65c-3544-8233d09c,Alice,Product 6,11:35:44,2024-03-04,124.77
uuid:8ee5d259-0bd6-7cef-638f-c796d3de,Bob,Product 10,11:35:50,2024-03-04,432.41
uuid:f852e6df-0793-5f25-7521-a3625dff,Emma,Product 7,11:36:02,2024-03-04,429.38
uuid:b2bf9227-3b36-4f30-a3d2-04b64b0a,Alice,Product 10,11:36:48,2024-03-04,316.11
uuid:8989004e-48ca-880c-58ba-d2d1a495,David,Product 8,11:37:19,2024-03-04,212.85
uuid:fdd84509-4366-9a62-44b0-8b95334c,Bob,Product 2,11:38:14,2024-03-04,389.33